,zip,stabbr,cty_name,est_per_capita,MEDFAMINC
6793,25813,WV,RALEIGH,-0.11887604084187417,-0.41527495293970396
6656,25106,WV,MASON,-0.1238379575694053,-0.7191644842151507
1967,7935,NJ,MORRIS,1.0889717449072651,0.537567921865811
24259,80210,CO,DENVER,0.43036653679059783,2.5070154628717165
24012,79121,TX,RANDALL,0.5508845876324107,0.5326503457974481
20306,67215,KS,SEDGWICK,-0.17750169730595086,0.5353452886145735
12727,45696,OH,LAWRENCE,-0.5522442415846222,-0.2720262398974473
9306,33460,FL,PALM BEACH,0.005552819298079064,-0.7954285876482373
20321,67332,KS,LABETTE,0.47780563146755567,-0.39618808989470194
1134,4917,ME,KENNEBEC,-0.20490113749191669,-0.09693830553121345
6728,25425,WV,JEFFERSON,-0.5190409240953863,0.6860398230484758
15197,52341,IA,LINN,-0.4036828831460287,-0.2850564273328271
26646,93286,CA,TULARE,-0.4382591202505206,-1.063394809000558
17817,60035,IL,LAKE,0.5640659464934493,3.2797416955800727
12545,45216,OH,HAMILTON,-0.16546688237264598,-1.1880011856480601
27697,97212,OR,MULTNOMAH,0.03786674219352549,1.9159061497051042
1513,6278,CT,NORTHEASTERN CONNECTICUT PLANN,-0.36529350734290816,1.4235928845559986
18482,61743,IL,LIVINGSTON,-0.020614792783651446,0.20114459637537535
17373,58494,ND,BURLEIGH,-0.33769231386216325,-0.1587830757468968
1626,6716,CT,NAUGATUCK VALLEY PLANNING REGI,-0.17225731654171847,1.1017555897768092
18159,60950,IL,KANKAKEE,-0.17475562426016736,0.8912444379689777
7442,28269,NC,MECKLENBURG,-0.14062876048473494,-0.014228565669538092
23560,78003,TX,BANDERA,0.06880239742145602,-0.43322271644344673
12908,46144,IN,SHELBY,-0.5323305509323776,0.5326503457974481
13928,48808,MI,CLINTON,-0.45747591014921807,0.16374879192330447
16441,55970,MN,MOWER,-0.4101706289574066,0.41385059851880385
23539,77905,TX,VICTORIA,-0.2602399967505781,-0.03928875557724087
9241,33194,FL,MIAMI-DADE,-0.368954256050601,1.115674830512684
17216,58042,ND,CASS,0.14361478155402044,2.1042743177474823
24678,82443,WY,HOT SPRINGS,0.4093400826491299,-0.2913631491832135
8492,30803,GA,JEFFERSON,-0.5724506993948641,-0.98349114361857
12199,44133,OH,CUYAHOGA,-0.021636569918469732,0.4529411608249433
1770,7107,NJ,ESSEX,-0.42436670779036173,-0.7419464750403351
15151,52236,IA,IOWA,-0.046074970705136,0.455830584051552
12760,45773,OH,WASHINGTON,0.10274947732614952,-0.7139412960747425
13124,46792,IN,HUNTINGTON,-0.06570483116390557,-0.12008147425972389
5871,22015,VA,FAIRFAX,-0.2893079906426743,2.40113477136589
27001,94946,CA,MARIN,0.5285648722959722,2.3195919139611147
23509,77708,TX,JEFFERSON,-0.29214673122639045,-0.8135708315614634
9886,35618,AL,LAWRENCE,-0.36924348720660677,-0.7472252290120242
18262,61252,IL,WHITESIDE,-0.17509882914639893,0.017860701895203272
22935,76067,TX,PALO PINTO,-0.10200027649808044,-0.4900665618438457
5035,18655,PA,LUZERNE,-0.37499278367019695,-0.30108716965737753
9009,32626,FL,LEVY,0.15942913970113293,-0.8788051174852839
14366,49780,MI,CHIPPEWA,0.10086553039958,-0.08324132812046237
665,3303,NH,MERRIMACK,-0.39885332046977473,0.2758528565325957
5599,21001,MD,HARFORD,-0.12325739983720232,0.08662341810536334
8488,30753,GA,CHATTOOGA,-0.5599395236969146,-0.9509851323192217
17371,58490,ND,LAMOURE,-0.14841490156601064,-0.02111872874837433
23540,77951,TX,VICTORIA,-0.5335588891083587,-1.5112554091249137
18575,61932,IL,EDGAR,-0.4956209166619994,0.004358204893935477
18930,62822,IL,FRANKLIN,-0.2149723321120823,-0.9943264807183528
13185,46985,IN,PULASKI,-0.21131738355559482,-0.9288699314694085
15695,54151,WI,MARINETTE,-0.13374209917997892,-0.4743136486757
10560,37853,TN,BLOUNT,-0.2758956040194557,-0.46136680998724156
24766,83254,ID,BEAR LAKE,0.21701296831493666,-0.29616959358901457
2231,8880,NJ,SOMERSET,-0.4147531811853085,0.4406888950274966
10628,38041,TN,LAUDERDALE,-0.6546021832570286,-1.0490866074457166
13652,48168,MI,WAYNE,-0.3025897301729363,2.5855577653873216
1803,7423,NJ,BERGEN,0.3257041840974091,4.438067014462494
21347,71055,LA,WEBSTER PARISH,0.038082267349791976,-1.3072176766613115
17665,59521,MT,HILL,-0.6319404360224861,-1.4015684581763432
13638,48146,MI,WAYNE,-0.36945736871162915,-0.6153675113823596
10795,38551,TN,CLAY,-0.21453702981189512,-1.2458729989271566
20336,67356,KS,LABETTE,-0.23849012558501395,-0.6228688986052862
25058,84097,UT,UTAH,0.44735758130132963,0.44535642485509536
1593,6488,CT,NAUGATUCK VALLEY PLANNING REGI,0.004299689699424881,1.7967730074387744
18153,60941,IL,KANKAKEE,0.2740116324964874,0.2734913087031559
259,1913,MA,ESSEX,0.04732732188008917,0.7987273288862169
18323,61359,IL,BUREAU,-0.49386067124455035,-0.7365288064904436
21207,70559,LA,ACADIA PARISH,-0.6005596907599228,-0.8038190281716588
22880,75968,TX,SABINE,-0.3266323934887816,-0.7676734549234091
9776,35172,AL,JEFFERSON,-0.5536923401307637,-0.8086532554931004
9851,35546,AL,FAYETTE,-0.48394913550936686,-0.4565325826658
13663,48184,MI,WAYNE,-0.16578526909508007,-0.9243135333043717
22749,75569,TX,BOWIE,0.036296193158492605,-1.283491066704351
14913,51201,IA,O'BRIEN,0.43185621994421053,0.05997960200615384
24047,79351,TX,LYNN,-0.44235515176543994,-0.05932023775401881
21097,70122,LA,ORLEANS PARISH,-0.40223703698447455,-0.6365380931003968
8259,30224,GA,SPALDING,-0.2537401047805466,-0.3382607107843247
397,2462,MA,MIDDLESEX,1.5661773089233413,4.258617162340706
2667,11792,NY,SUFFOLK,0.0663695744504155,2.034566982405546
21079,70080,LA,ST. CHARLES PARISH,0.4131592990688858,0.9031633087787387
13716,48307,MI,OAKLAND,0.2647930005537163,0.9833448033171315
21591,72001,AR,PERRY,-0.5229461568186647,-1.6172472322933018
18932,62824,IL,CLAY,-0.22773319964407227,-0.2773327767847768
20427,67570,KS,RENO,-0.2813270146996654,-0.159505431553549
16291,55436,MN,HENNEPIN,0.05977171631862427,3.139549103258268
1386,5827,VT,ORLEANS,-0.0922390295737667,-0.12105387630714029
15676,54119,WI,MARINETTE,-0.27423580512386775,-0.6400665233867363
15716,54202,WI,DOOR,0.7263881100613534,0.11085012054385204
22916,76040,TX,TARRANT,-0.13436887554215862,-0.2721651544756496
15341,53014,WI,CALUMET,0.06510596464896899,-0.1924559695031449
10783,38487,TN,MAURY,-0.503187347319355,0.21014626104288722
21170,70501,LA,LAFAYETTE PARISH,0.13103551709529787,-1.2471232301309776
16146,55106,MN,RAMSEY,-0.44292564442959675,-0.5651082169887517
3830,15052,PA,BEAVER,-0.44224104452545576,-0.3281199465755536
1424,6016,CT,CAPITOL PLANNING REGION,-0.45107166659837183,0.9712036691822467
25289,85140,AZ,PINAL,-0.46295319527127876,0.2091738589954708
3791,14898,NY,STEUBEN,-0.4811159594516604,-0.7133856377619332
23857,78701,TX,TRAVIS,8.741210312265826,3.554792560420713
12057,43787,OH,MORGAN,-0.6200581601675818,-1.035000669215999
11441,41056,KY,MASON,0.10517708182613977,-0.778036482457304
7193,27587,NC,WAKE,-0.03470974795864176,1.1733799462979375
10047,36206,AL,CALHOUN,-0.33344516157849796,-0.650012807186024
5016,18622,PA,LUZERNE,-0.35804177683119653,-0.017145771811787305
23879,78736,TX,TRAVIS,0.18328186280736825,1.2669250232593956
2389,10706,NY,WESTCHESTER,0.12299120726463356,3.4524680821168667
11334,40387,KY,MENIFEE,-0.6327849499250113,-1.1641912269441785
22681,75422,TX,HUNT,-0.22778121116015315,-0.397910630664411
25337,85283,AZ,MARICOPA,0.02929791285559916,0.20364505878301756
24196,80007,CO,JEFFERSON,-0.09172674039476557,2.763951866714771
5548,20777,MD,HOWARD,0.2636610703075453,3.5538757242045778
21437,71358,LA,ST. LANDRY PARISH,-0.3891296919797978,-1.2366212880188805
12848,46030,IN,HAMILTON,-0.046245276350617516,0.217008641206083
12745,45741,OH,MEIGS,-0.3290020118019549,-1.635806219941135
8821,32131,FL,PUTNAM,-0.08708193450029489,-0.36318198611382513
23191,76837,TX,CONCHO,-0.3203659135096923,-0.38304677079676025
7357,28033,NC,LINCOLN,-0.42929041456742023,-0.1347230708022509
3492,14066,NY,WYOMING,-0.2665101530483391,-0.30242074960812004
137,1469,MA,MIDDLESEX,-0.2446483121621035,1.0426335452938917
1797,7417,NJ,BERGEN,0.44218178643094624,3.9441701231218818
7552,28462,NC,BRUNSWICK,0.004547671730023368,-0.5207111177952827
835,4046,ME,YORK,0.47939410739592214,0.398153251181939
14157,49310,MI,ISABELLA,-0.4981118455665254,-0.6629040800432016
1873,7670,NJ,BERGEN,0.1429549784476323,4.156125986543017
10902,38828,MS,UNION,-0.48986856644158333,-0.5686644301907317
4679,17366,PA,YORK,-0.5874493974924461,-0.020035195038396052
9299,33442,FL,BROWARD,0.4787522989400173,-0.36865522049499744
23856,78681,TX,WILLIAMSON,-0.05798570409483704,1.4715461969514476
28152,98377,WA,LEWIS,-0.3510411191902196,-0.41546943334918723
9908,35672,AL,LAWRENCE,-0.5055767054862703,-0.599031156985764
16707,56367,MN,BENTON,-0.1499566286801915,0.387484611575999
20127,66739,KS,CHEROKEE,-0.31932359084629097,-0.8571344432857183
11783,43031,OH,LICKING,-0.19218705372933326,0.6526169755329919
16077,55007,MN,PINE,-0.45291325719911024,-0.481842818814267
25091,84314,UT,BOX ELDER,-0.1471213781977708,-0.22718461405373078
9570,34243,FL,MANATEE,0.6983879894300714,0.3161936500425563
19046,62992,IL,PULASKI,0.005550410546441401,-0.4441414022901509
22106,73546,OK,TILLMAN,-0.27216704310187395,-0.8880012625622791
24494,81041,CO,PROWERS,-0.5142675445828718,-0.9503739081751313
9020,32667,FL,ALACHUA,-0.15976770310759308,0.08367842904747365
11847,43154,OH,FAIRFIELD,-0.49672708776492075,0.8725743186585827
18850,62560,IL,MONTGOMERY,0.20103852088575627,0.14905162954949652
17130,57555,SD,TODD,-0.40957638666307217,-1.4741096509136071
490,2767,MA,BRISTOL,0.30505933746004577,1.1948561400880198
2449,10998,NY,ORANGE,-0.4040691496164063,0.9096089452073275
2219,8854,NJ,MIDDLESEX,-0.12101764583157551,1.2841782138721267
23333,77327,TX,LIBERTY,-0.39101232244827766,-0.842770675899596
12640,45380,OH,DARKE,0.0327983574496995,0.18778101395230992
19693,65109,MO,COLE,0.10977050891354079,0.01183180920122156
24561,81301,CO,LA PLATA,0.9922910603612412,0.45388577995671925
26892,94520,CA,CONTRA COSTA,0.9648083545098797,-0.11738653144259842
26128,91103,CA,LOS ANGELES,0.03574436366597886,-0.15811628577152556
27152,95356,CA,STANISLAUS,0.1787457165706489,0.44694005104660206
28062,98239,WA,ISLAND,0.0951234901698259,0.16272082404460714
13215,47041,IN,RIPLEY,-0.37129360918021065,0.24318014773940452
26262,91945,CA,SAN DIEGO,-0.1798649301514833,-0.028870162212065103
27949,97885,OR,WALLOWA,0.1789419344543788,-0.34242814813039496
18008,60480,IL,COOK,0.10778814670051294,0.32930718622485755
4477,16872,PA,CENTRE,-0.03925580733666302,-0.33020366524858874
4408,16667,PA,BEDFORD,-0.4125351263828905,-0.777564172891416
7561,28472,NC,COLUMBUS,0.1745749275217037,-1.0117185859092863
12561,45237,OH,HAMILTON,-0.1939936778435847,-0.8318242071372514
20480,67740,KS,SHERIDAN,1.0617538208269544,0.4442451082294766
4869,18062,PA,LEHIGH,-0.41810460047467535,0.8635170881597899
26136,91203,CA,LOS ANGELES,1.9149948228943148,-0.44230772985788
2188,8805,NJ,SOMERSET,-0.04424424209319475,0.0018299595706528242
14330,49726,MI,CHIPPEWA,0.6345363143259212,-0.2734709515107516
23955,79018,TX,HARTLEY,-0.3117684240697798,-0.6392886017488032
17546,59064,MT,YELLOWSTONE,-0.2688822172215149,2.02767681932671
14642,50315,IA,POLK,-0.4219960724087355,-0.5371030380231593
9814,35401,AL,TUSCALOOSA,0.10493882971151865,-1.1687754080248558
7549,28458,NC,DUPLIN,-0.35459488002031275,-1.1887235414547124
16949,57058,SD,MCCOOK,0.5171022127779755,0.08537318690154225
24275,80229,CO,ADAMS,-0.20094230238910152,-0.27335981984818974
27596,97005,OR,WASHINGTON,1.0465878038793313,-0.26716422966036524
25702,87710,NM,COLFAX,1.8193682303478158,-0.4390015628966642
23714,78369,TX,WEBB,0.7941109007038979,0.5137023973306484
15264,52631,IA,LEE,9.583249119648157,0.4905592286021379
11540,41659,KY,FLOYD,0.062470207844132125,-1.0613388732431634
25802,88418,NM,UNION,-0.2621852936093486,-0.5837227704678657
23005,76251,TX,MONTAGUE,0.20103852088575627,-0.5223780927337108
837,4048,ME,YORK,-0.14388437983050925,0.13168730727420358
15807,54481,WI,PORTAGE,0.13012706875337018,-0.23193549262825092
19240,63548,MO,SCHUYLER,0.6829378468906692,-0.7141913423155068
19771,65483,MO,TEXAS,0.24953990470774956,-0.8967528809890267
1426,6019,CT,CAPITOL PLANNING REGION,0.19234837151882953,1.944050243248899
6450,24313,VA,WYTHE,-0.24414303648409763,-1.2979659657530354
21077,70075,LA,ST. BERNARD PARISH,-0.39141510840571203,-0.30950539309643954
26030,90247,CA,LOS ANGELES,-0.20100158279393632,-0.2155991382316553
27493,96114,CA,LASSEN,-0.5064473211134514,-0.4555323977027431
1805,7430,NJ,BERGEN,0.15140432423155892,1.9375768239046698
10584,37887,TN,MORGAN,-0.3817165154533163,-0.6948544330297406
28529,99615,AK,KODIAK ISLAND BOROUGH,0.31055339209959665,0.41093339237655463
2997,12763,NY,SULLIVAN,0.8950593908857082,-0.37468411318897915
28541,99634,AK,BETHEL CENSUS AREA,-0.5247657557204722,-1.604744920255091
20695,68422,NE,GAGE,0.04960406921445463,-0.07668456002931176
25743,88030,NM,LUNA,-0.30242980453951884,-1.054143098092282
3855,15090,PA,ALLEGHENY,0.5391813214283313,2.0921609665282377
3988,15458,PA,FAYETTE,-0.43053110492698926,-0.4548933906430123
24132,79734,TX,JEFF DAVIS,0.31854703436953513,-0.5194608865914616
14477,50009,IA,POLK,-0.06323274327331231,0.2882440369082448
25229,84781,UT,WASHINGTON,-0.1752116985687642,1.0718333896320242
156,1524,MA,WORCESTER,-0.13679575394346039,0.35495081736101014
6103,23070,VA,MIDDLESEX,-0.5264375005633407,1.2975695792108326
4349,16424,PA,CRAWFORD,-0.2586706629210698,-0.5572734347781395
18800,62461,IL,EFFINGHAM,-0.05971927392181271,-0.02459159320343292
2991,12751,NY,SULLIVAN,-0.4576445305485249,-1.6634502210034012
11220,40022,KY,SHELBY,0.00999279629447681,0.027501373622445913
3570,14420,NY,MONROE,-0.191121731600327,0.1005982246725191
4113,15742,PA,INDIANA,-0.6049316363030023,-0.36318198611382513
17153,57648,SD,CAMPBELL,0.2694518025672415,0.2474587167480367
20476,67735,KS,SHERMAN,0.6981670323445363,-0.4727855883154742
14131,49266,MI,HILLSDALE,-0.5031386906219041,-0.26191325860431663
19521,64497,MO,DEKALB,-0.5872222371003821,0.5989403825156063
14328,49724,MI,CHIPPEWA,-0.5126063497034072,-0.17392476477095226
10129,36509,AL,MOBILE,0.8392973677376601,-1.3295829237518888
6649,25070,WV,PUTNAM,0.09990956723139606,-0.4003277443251318
13750,48367,MI,OAKLAND,-0.34280964534641123,0.8973844623255213
18851,62561,IL,SANGAMON,-0.47154372566082897,-0.1683681816428585
921,4344,ME,KENNEBEC,0.12296785955315825,-0.04879051272628117
4659,17327,PA,YORK,-0.19474900158014977,0.17647336728663915
18096,60631,IL,COOK,0.2202109793036157,1.4047838506674013
5423,20129,VA,LOUDOUN,0.45881544644773686,4.438067014462494
4782,17842,PA,SNYDER,-0.2263160566930125,-0.4127744905320618
8566,31067,GA,WASHINGTON,-0.3273350538613166,-0.4741469511818571
13443,47708,IN,VANDERBURGH,15.840673598077323,0.6526169755329919
1952,7880,NJ,WARREN,-0.43301178246790845,0.768388385006825
11861,43207,OH,FRANKLIN,-0.22437694188171617,-0.5037079734233159
21061,70043,LA,ST. BERNARD PARISH,-0.12892123861412452,-0.7770362974942471
26784,93726,CA,FRESNO,-0.2937843153233095,-0.924091269979248
18699,62271,IL,WASHINGTON,0.1326299715586866,0.35342275700078435
5392,20003,DC,DISTRICT OF COLUMBIA,0.45183174207529636,3.8542368251936843
20107,66612,KS,SHAWNEE,3.1640371110311825,-1.2100608206665924
2514,11361,NY,QUEENS,0.4855569520377923,0.664591412174034
21541,71827,AR,LAFAYETTE,-0.6159762751600124,0.03664195286816012
18275,61273,IL,HENRY,-0.060162385501343334,0.40257073476877353
18150,60936,IL,FORD,0.2669354519766598,-0.029453603440514946
26517,92677,CA,ORANGE,0.15423005172743684,1.999115982048308
11366,40513,KY,FAYETTE,0.2948293758786516,1.8905681306409967
7979,29569,SC,HORRY,-0.20707406449740431,-0.970210909942426
23174,76693,TX,FREESTONE,-0.5420061848634117,-0.19665118976485566
288,2032,MA,NORFOLK,-0.010845875865174463,2.4077471052883217
13034,46528,IN,ELKHART,-0.2522218955818044,0.005413955688273288
28455,99338,WA,BENTON,-0.1845837560747822,1.3963100613970585
9783,35183,AL,COOSA,-0.6724998163274616,-0.5473549338944922
21315,70820,LA,EAST BATON ROUGE PARISH,-0.5109640788426788,-0.30719941109828064
3884,15202,PA,ALLEGHENY,-0.21042604580970206,0.17519535316717758
291,2043,MA,PLYMOUTH,0.44148876089127215,4.438067014462494
12252,44286,OH,SUMMIT,0.7544557470307524,1.773518707047702
26032,90249,CA,LOS ANGELES,0.16653850779002932,0.21056300477749426
12701,45653,OH,SCIOTO,-0.39045022106905336,-0.027064272695434637
18870,62627,IL,CASS,-0.2927053469654509,-0.5771937852923557
15311,52757,IA,CLINTON,0.006656360136433497,-0.319785071883413
19774,65534,MO,PULASKI,-0.4911107436170721,-1.29349291633492
25859,89117,NV,CLARK,0.357490389589513,-0.1424467213503012
13052,46555,IN,KOSCIUSKO,0.4703911923393686,0.20461746083043394
27312,95668,CA,SUTTER,1.021825739503234,0.7220742646341637
14707,50514,IA,EMMET,0.5777220801519458,-0.3110890192879463
23973,79045,TX,DEAF SMITH,-0.20912974595446987,-0.991603754985587
9581,34291,FL,SARASOTA,-0.4205263128492832,-0.057486565321747875
15418,53129,WI,MILWAUKEE,-0.13468441926646885,0.6929022032116715
2877,12442,NY,GREENE,0.9210235087308237,-0.8344080182918149
15797,54467,WI,PORTAGE,-0.00840185749496503,0.08573436480486833
5010,18615,PA,WYOMING,-0.23114784039267663,0.12010183145212813
4285,16244,PA,ARMSTRONG,0.13386203773483382,-1.274822797024525
24907,83655,ID,PAYETTE,-0.20801513921311443,0.1032653845740041
4130,15774,PA,INDIANA,-0.08424543337709103,-0.3267308007935302
4397,16651,PA,CLEARFIELD,-0.41529159931741166,-0.36318198611382513
688,3465,NH,CHESHIRE,-0.3185669786372858,-0.27310977360742555
22671,75407,TX,COLLIN,-0.47000458786100957,0.0994313422156194
8379,30521,GA,FRANKLIN,-0.2540561205191727,-0.6809629752095062
7386,28105,NC,MECKLENBURG,0.3284836758174611,0.8557934376117396
5990,22657,VA,SHENANDOAH,-0.22515651680025295,-0.38490822614467163
24904,83650,ID,OWYHEE,-0.4717415240842604,-0.8841116543726134
20783,68661,NE,COLFAX,-0.13311188978969973,-0.5132097305723562
14762,50591,IA,HUMBOLDT,0.13386203773483382,-0.6670715173892718
12364,44653,OH,TUSCARAWAS,-0.19854925275058163,-0.7978179183933176
6732,25431,WV,HAMPSHIRE,-0.41961862078439455,-0.9952433169344883
25921,89442,NV,WASHOE,-0.6091148427515802,-0.862802158076374
23753,78516,TX,HIDALGO,-0.5148729726378894,-0.9797960158383877
3445,13856,NY,DELAWARE,-0.1300764396427646,-0.5389367104554302
9838,35476,AL,TUSCALOOSA,0.9476571479060045,-0.6103388036514348
10600,37922,TN,KNOX,0.36379337989916644,1.3515795672159039
7031,27023,NC,FORSYTH,-0.2591200723484744,0.5418187079588027
10690,38242,TN,HENRY,0.11423635648325174,-0.6793793490179996
3504,14091,NY,ERIE,-0.688570048841456,-0.35451371643399887
16316,55616,MN,LAKE,0.08784023103918774,-0.12105387630714029
27657,97109,OR,WASHINGTON,-0.5014251477957685,1.0404109120426541
28627,99840,AK,SKAGWAY MUNICIPALITY,1.9799522209030764,0.5715742106097447
14028,49034,MI,KALAMAZOO,-0.43068017942178805,-0.37462854735769824
9360,33584,FL,HILLSBOROUGH,-0.20845522112819379,-0.4598109667113753
28396,99128,WA,WHITMAN,-0.13072630519475228,0.16641595182478947
28322,98858,WA,DOUGLAS,-0.2060976533677811,-0.35451371643399887
24955,83845,ID,BOUNDARY,-0.34098354430785927,-0.415691696674311
18644,62090,IL,MADISON,-0.4269536001942351,-1.3326946103036212
24880,83617,ID,GEM,0.08506023488105931,-0.5106259194177926
18762,62378,IL,BROWN,-0.5154084571910322,0.06609184344705696
897,4257,ME,OXFORD,-0.05342207234054399,-0.8287958693324402
9144,33021,FL,BROWARD,0.5117628571907403,-0.18526019435226349
18502,61774,IL,MCLEAN,-0.4090598602668798,-0.235852883733557
4154,15864,PA,JEFFERSON,-0.46808493987258054,-0.5223780927337108
21902,72851,AR,LOGAN,-0.3914839540832263,-0.5558287231648351
6306,23893,VA,BRUNSWICK,-0.46855932729601707,-0.2751379264491798
4845,18015,PA,NORTHAMPTON,-0.23176445865011014,-0.40313381880481913
23653,78217,TX,BEXAR,0.6734993492969048,-0.6649044499693153
876,4109,ME,CUMBERLAND,0.3342344454312012,1.1619611679697048
12295,44438,OH,TRUMBULL,-0.49341580141089814,-0.9814074249455349
8113,29910,SC,BEAUFORT,0.37545701554506256,0.3299461932845883
4843,18013,PA,NORTHAMPTON,-0.25208083993362074,-0.18814961757887222
5683,21214,MD,BALTIMORE CITY,-0.3256773955465664,0.08362286321619271
3574,14425,NY,ONTARIO,-0.28184456593180984,0.1372716733179378
4959,18420,PA,LACKAWANNA,1.0126958428590918,0.5583495427648816
16090,55024,MN,DAKOTA,-0.37109954760836233,1.1392347429758014
8103,29847,SC,EDGEFIELD,-0.4686097393305118,-0.3228134096882241
6880,26234,WV,UPSHUR,-0.27205044468540385,-0.5677198110589557
3871,15135,PA,ALLEGHENY,-0.4460105976112864,0.37864964440232995
16111,55051,MN,KANABEC,0.000791825374920572,-0.24685491832718262
671,3443,NH,CHESHIRE,0.4652786901116607,2.66843420274284
27586,96817,HI,HONOLULU,0.21440470005344336,0.013915527874256714
13277,47250,IN,JEFFERSON,-0.024794991784320125,-0.43091673444528783
26696,93516,CA,KERN,-0.5180110349784135,-0.12055378382561185
23993,79087,TX,DALLAM,-0.18349130373778277,-0.4079402632106202
13491,47918,IN,FOUNTAIN,-0.0062617033418070345,-0.13172251591308026
11242,40070,KY,HENRY,-0.2786134038107746,0.5090626504186901
3105,12962,NY,CLINTON,-0.4555172219670995,-0.17920351874264132
12967,46256,IN,MARION,0.3662300186836996,0.4289089387959379
28289,98801,WA,CHELAN,0.28503316944150253,-0.12149840295738779
12017,43718,OH,BELMONT,-0.07385696088399489,-0.030787183391257442
12041,43759,OH,BELMONT,0.0356837681483545,-0.9535689434737853
27585,96816,HI,HONOLULU,-0.12046735548091937,1.1381234263501827
8817,32127,FL,VOLUSIA,0.1850294484765407,-0.27469339979893226
575,3038,NH,ROCKINGHAM,-0.12924821858482854,0.6286403193352674
21083,70086,LA,ST. JAMES PARISH,-0.21100493206306917,-1.3973454549989919
12543,45214,OH,HAMILTON,0.020547818940728838,-1.6527537984818208
2863,12423,NY,GREENE,-0.2581396961580393,-0.34459521555035155
27214,95460,CA,MENDOCINO,0.9361722285218351,0.15346911313633105
532,2863,RI,PROVIDENCE,-0.35594218139138684,-1.182000075869719
24671,82431,WY,BIG HORN,0.14173128290394207,-0.14825335071915915
18885,62655,IL,MASON,-0.47946872994869033,-0.632342872838686
5637,21078,MD,HARFORD,-0.15863504144593288,0.8880216197546833
20877,68832,NE,HALL,0.17437595681022977,0.1307704710580681
10509,37737,TN,BLOUNT,-0.4445636516322909,-0.2674420588167699
18058,60556,IL,DEKALB,-0.20219360257663913,0.26712902102148856
9485,33917,FL,LEE,-0.3229923967826081,-0.5472160193162898
25892,89301,NV,WHITE PINE,-0.03744038946818413,0.16899976297935307
7713,28741,NC,MACON,1.579801466127027,0.725769392414346
1166,4965,ME,SOMERSET,-0.08025881188002908,-0.0759344213070191
14761,50590,IA,KOSSUTH,0.04879388698608,-0.4864825657262253
23014,76268,TX,GRAYSON,-0.02828279931059174,-0.053541391300801315
15242,52572,IA,APPANOOSE,-0.3660763618137994,-0.8059860955916155
20658,68351,NE,FILLMORE,0.03522504668432495,0.15483047600271402
8340,30425,GA,EMANUEL,-0.6302234287397104,-0.2818613920341732
5695,21226,MD,ANNE ARUNDEL,1.1044137656443256,0.4077383570779007
22925,76053,TX,TARRANT,0.04878462289447643,-0.42786061372483625
26251,91910,CA,SAN DIEGO,-0.08154898300157783,0.08606775979255396
17368,58486,ND,WELLS,-0.20880824565523792,1.243003932892952
19369,64020,MO,LAFAYETTE,0.1581752082839178,0.0025800982929454794
5103,18954,PA,BUCKS,0.2981644630437172,1.7222592276910373
8371,30511,GA,BANKS,-0.02358228756961856,-0.23268563135054357
9283,33415,FL,PALM BEACH,-0.23131719675293436,-0.7754248883870999
28295,98816,WA,CHELAN,0.7801313170034062,-0.3665715018219623
2556,11509,NY,NASSAU,0.6605932186837993,1.868119534803498
16870,56714,MN,ROSEAU,-0.261554648742415,-0.2792775808796096
1535,6370,CT,SOUTHEASTERN CONNECTICUT PLANN,-0.4888239169220115,0.7789736758658437
27913,97824,OR,UNION,-0.33670055801636095,-0.06220966098062756
13345,47421,IN,LAWRENCE,-0.008687675874585134,-0.22009997056541125
7576,28520,NC,CARTERET,0.7010799391637952,-0.027481016430041666
4794,17860,PA,NORTHUMBERLAND,0.052670983882290204,0.37653814281365433
3670,14621,NY,MONROE,-0.30877543653514444,-1.4720814980718528
14752,50577,IA,HUMBOLDT,0.3687918049944545,-0.6037542526446437
8867,32223,FL,DUVAL,0.26265282061689965,0.34258741990100156
26250,91906,CA,SAN DIEGO,-0.4475405941610248,0.004358204893935477
24855,83535,ID,LATAH,-0.28831442893131726,-0.24338205387212403
22696,75446,TX,FANNIN,-0.3473691610644267,-0.49840143653598634
21873,72751,AR,BENTON,-0.3135367267240011,0.22459337717593095
16372,55785,MN,CASS,-0.4388696942531958,-0.8523002159642767
10522,37762,TN,CAMPBELL,-0.13684928086172635,-0.7196645766966792
14292,49660,MI,MANISTEE,0.00018231427344263967,-0.2812223849744424
15680,54125,WI,MARINETTE,0.6309938336089213,-0.8655248838091399
24516,81092,CO,PROWERS,-0.22325622567458672,-0.2772216451222149
1058,4666,ME,WASHINGTON,-0.23794254574700746,-0.5413816070317914
17225,58053,ND,RICHLAND,0.25306241385225786,-0.3796016892573421
23850,78669,TX,TRAVIS,0.5507766304433896,1.4644059876318472
9023,32680,FL,DIXIE,-0.5551445831125851,-1.156384227649207
28241,98604,WA,CLARK,0.009042786475460675,0.582437330625168
14810,50657,IA,GRUNDY,-0.0096156030933659,0.0969586627236177
3729,14806,NY,ALLEGANY,-0.3900100350831543,-0.45522678563069796
27266,95606,CA,YOLO,0.2384394817751876,-1.7743596202401524
23496,77656,TX,HARDIN,-0.25291811551825477,-0.4046618791650449
18597,62016,IL,GREENE,-0.1042895443137898,-0.5293516045594685
11305,40313,KY,ROWAN,-0.5068515738065513,-0.944900673793959
7024,27016,NC,STOKES,-0.1940059011458482,-1.0729799148965198
13098,46747,IN,STEUBEN,-0.37267951553505696,-0.11835893349001482
4097,15701,PA,INDIANA,0.1970452192537627,-0.002837570256945919
23430,77507,TX,HARRIS,9.69971112813353,-0.241187203536527
26208,91724,CA,LOS ANGELES,-0.18524548409699063,0.4475234922750519
22593,75143,TX,KAUFMAN,-0.3319566787496735,-0.4697294675950226
10282,37048,TN,SUMNER,-0.5052135570014176,0.3707870792760773
5338,19720,DE,NEW CASTLE,0.017538969407942924,-0.04242822504461383
11506,41501,KY,PIKE,0.1814524727506629,-0.8789718149791268
21312,70817,LA,EAST BATON ROUGE PARISH,-0.05329395017750507,0.6195553059208342
2423,10958,NY,ORANGE,0.00199599569322719,1.6473564871243336
0,1001,MA,HAMPDEN,0.13715402334016355,0.3184440662094343
17016,57269,SD,GRANT,0.09611882613207975,0.2937450542050576
4740,17729,PA,POTTER,0.5978631059222255,-0.19823481595636236
23001,76247,TX,DENTON,-0.19492898976540218,0.754219098030186
23006,76252,TX,COOKE,0.6729899749611414,0.8957174873870931
17903,60162,IL,COOK,0.45269531422147075,-0.307338325676483
14693,50472,IA,MITCHELL,0.058253071634513515,0.4227411315237538
832,4041,ME,OXFORD,-0.46033578750836013,-0.630509200406415
7206,27609,NC,WAKE,1.1562036100214865,1.0429391573659368
16231,55367,MN,CARVER,0.30959704898348633,0.47030548310023623
11537,41650,KY,FLOYD,-0.5779417572418276,-1.8144503675093488
25126,84522,UT,EMERY,-0.19381306353293745,-0.0940488823046047
26047,90290,CA,LOS ANGELES,1.0984801220445268,2.5176841024776566
28569,99681,AK,BETHEL CENSUS AREA,-0.5062552061566227,-1.4658303420527474
28170,98408,WA,PIERCE,-0.3078967753508835,-0.11355248908421374
14976,51461,IA,CRAWFORD,0.2518352285084836,-0.45175392117563934
12975,46303,IN,LAKE,-0.32212268332933136,0.1965048494634171
19883,65739,MO,TANEY,0.8114903111014975,-0.9374548524023134
926,4349,ME,KENNEBEC,-0.252951856906422,-0.5628855837375142
15109,52159,IA,CLAYTON,0.1961208394610594,0.0622300181730318
26510,92661,CA,ORANGE,0.24776543565930603,4.438067014462494
6344,24016,VA,ROANOKE CITY,0.7405975157472,-1.2574584747492321
1842,7605,NJ,BERGEN,-0.004397342750887733,1.0643875682403787
18654,62206,IL,ST. CLAIR,-0.32505632965411885,-1.598577112982907
1668,6851,CT,WESTERN CONNECTICUT PLANNING R,0.39521225783699987,1.103228084305754
13143,46819,IN,ALLEN,-0.4726171891706034,-0.6303702858282128
28101,98292,WA,SNOHOMISH,-0.07515448279940305,0.629918333454729
27672,97127,OR,YAMHILL,-0.4344444094363486,0.13979991864122046
960,4438,ME,WALDO,-0.30925177316285973,-0.79440061976954
16551,56145,MN,COTTONWOOD,0.5818714343331891,-0.5976142282881001
20837,68768,NE,STANTON,0.037728735138730894,-0.38090748629244414
19961,66052,KS,LEAVENWORTH,-0.3609694757960882,-0.16697903586083507
14080,49103,MI,BERRIEN,-0.2875076923743994,-0.25780138708952727
6460,24330,VA,GRAYSON,-0.5369844233629834,-1.2840467250171606
23510,77713,TX,JEFFERSON,-0.4417505365046369,0.19128166132300897
8662,31569,GA,CAMDEN,-0.4902989499133443,-0.3743507182012935
9749,35098,AL,CULLMAN,-0.5422175623488662,-0.401939153432279
3568,14416,NY,GENESEE,-0.1714525527544103,0.3465603768375886
28054,98226,WA,WHATCOM,0.3704488422766,0.039475810263487926
5531,20745,MD,PRINCE GEORGE'S,-0.1010367825462878,0.27085193171731137
21201,70549,LA,JEFFERSON DAVIS PARISH,-0.26484127872201374,-0.4965955470193559
2162,8721,NJ,OCEAN,-0.23644033995292593,0.7763620817956396
13366,47464,IN,MONROE,-0.42592370920770845,-0.4326392752149969
26745,93636,CA,MADERA,-0.21346969033787688,1.105784112544677
20026,66402,KS,SHAWNEE,-0.37662938153451414,0.07959434044832475
6147,23181,VA,KING WILLIAM,0.12092388805560643,0.25946093630471917
22240,74029,OK,WASHINGTON,-0.1855390222345727,-0.8233504178669084
9125,32960,FL,INDIAN RIVER,1.201950777714738,-0.6091997041101755
23552,77979,TX,CALHOUN,-0.08079019777092576,-0.3650434414617365
14972,51454,IA,CRAWFORD,-0.2935392266559901,0.6275290027096487
6168,23237,VA,CHESTERFIELD,-0.22308447554926353,-0.14544727623947182
8644,31542,GA,BRANTLEY,-0.4173404573829882,-0.7249433306683682
9842,35501,AL,WALKER,1.083677348049431,-0.7278327538949769
23998,79097,TX,CARSON,-0.013761917712535961,0.9738708290837317
13725,48320,MI,OAKLAND,0.7250629729080221,0.30941461862628195
15886,54632,WI,VERNON,-0.25273571990036714,0.05275604393963197
21749,72432,AR,POINSETT,-0.3198046989826935,-0.8455767503792834
25878,89144,NV,CLARK,0.0514194178580577,0.6168325801880682
5833,21822,MD,WORCESTER,-0.2574922468316729,-0.3114224142756319
27856,97526,OR,JOSEPHINE,0.3010952174976805,-0.685574939205824
24323,80457,CO,JEFFERSON,1.4929248676213962,2.6147853926410947
16035,54928,WI,SHAWANO,-0.27827215495653995,-0.42397100553517064
7705,28730,NC,BUNCOMBE,0.08307487880944424,0.19506013785011272
8837,32168,FL,VOLUSIA,0.19913221211242504,-0.2131264587396536
20810,68731,NE,DAKOTA,-0.3318670957624313,0.24909790877082436
27694,97209,OR,MULTNOMAH,1.4790908858072973,2.3157300886870895
2849,12401,NY,ULSTER,0.525947261038843,-0.23349133590411716
14883,51035,IA,CHEROKEE,0.4360862300717645,0.3021632776441196
17231,58060,ND,SARGENT,0.16071025747874723,0.14505088969726904
15019,51561,IA,MILLS,-0.05718456874749895,0.4843080725830325
4538,17034,PA,DAUPHIN,-0.33204794823834144,-0.8327132604377463
25048,84083,UT,TOOELE,0.08289999868065118,-1.3388624175758053
25957,90003,CA,LOS ANGELES,-0.5631213486104997,-1.0276381965712749
13794,48450,MI,SANILAC,-0.13415339708830187,-0.552022463722091
1057,4664,ME,HANCOCK,-0.22370308446255036,-0.5715538534173404
3345,13636,NY,JEFFERSON,0.4635093481122389,-0.3718780387092918
20356,67441,KS,DICKINSON,-0.40380376283175573,-0.47606397236104947
3684,14717,NY,ALLEGANY,-0.5070029727505608,-0.9043931827901556
2692,11951,NY,SUFFOLK,-0.48313353773492246,0.4374660768132022
24069,79410,TX,LUBBOCK,0.3902208168665952,-0.678518078633145
25896,89317,NV,WHITE PINE,-0.3153180287071548,-0.3396220736507076
19462,64167,MO,CLAY,0.32895609300339396,4.438067014462494
14698,50478,IA,WINNEBAGO,0.055530068984520224,-0.22949059605188968
17953,60422,IL,COOK,-0.10834198610035575,1.4519870243405577
7020,27011,NC,YADKIN,-0.40938730585886096,-0.5879735565608575
17939,60404,IL,WILL,-0.06532338788620518,1.2933743589491218
20465,67665,KS,RUSSELL,0.4234456951540803,-0.7010222403019246
7257,27851,NC,WILSON,-0.5464209546310766,-0.7802591157085415
1882,7716,NJ,MONMOUTH,0.13716330986938757,1.3645541888200026
23197,76853,TX,LAMPASAS,-0.20845522112819379,-0.44922567585235673
16386,55807,MN,ST. LOUIS,0.1918784588554279,-0.35384692645862764
28578,99692,AK,ALEUTIANS WEST CENSUS AREA,1.772757751996495,-0.11719205103311514
3383,13695,NY,ST. LAWRENCE,-0.3129575416232997,0.8378456741079968
16039,54935,WI,FOND DU LAC,-0.08034686395744806,-0.3757676468989574
1361,5758,VT,RUTLAND,0.3131929043611971,-0.46861815096940385
7506,28392,NC,BLADEN,-0.23795637905683809,0.07989995252036991
